{"__type__":"cc.AnimationClip","_name":"scanLight","_duration":1.6666666666666667,"sample":30,"wrapMode":2,"curveData":{"paths":{"scanLight":{"props":{"x":[{"frame":0,"value":-204.928},{"frame":0.9333333333333333,"value":27.952186789733105},{"frame":1.6,"value":204.482},{"frame":1.6666666666666667,"value":204.482}]}}}}}